{"v":"5.1.16","fr":60,"ip":0,"op":115,"w":800,"h":600,"nm":"patient-added","ddd":0,"assets":[],"layers":[{"ddd":0,"ind":1,"ty":4,"nm":"check-mark","sr":1,"ks":{"o":{"a":1,"k":[{"i":{"x":[0.833],"y":[0.833]},"o":{"x":[0.167],"y":[0.167]},"n":["0p833_0p833_0p167_0p167"],"t":92.999,"s":[0],"e":[100]},{"t":103.999075247122}],"ix":11},"r":{"a":0,"k":0,"ix":10},"p":{"a":0,"k":[340,196,0],"ix":2},"a":{"a":0,"k":[0,0,0],"ix":1},"s":{"a":1,"k":[{"i":{"x":[0.833,0.833,0.833],"y":[0.833,0.833,0.833]},"o":{"x":[0.167,0.167,0.167],"y":[0.167,0.167,0.167]},"n":["0p833_0p833_0p167_0p167","0p833_0p833_0p167_0p167","0p833_0p833_0p167_0p167"],"t":54.999,"s":[-42.801,-42.801,100],"e":[40.225,40.225,100]},{"i":{"x":[0.833,0.833,0.833],"y":[0.833,0.833,0.833]},"o":{"x":[0.167,0.167,0.167],"y":[0.167,0.167,0.167]},"n":["0p833_0p833_0p167_0p167","0p833_0p833_0p167_0p167","0p833_0p833_0p167_0p167"],"t":90.999,"s":[40.225,40.225,100],"e":[41.225,41.225,100]},{"t":106.999075247122}],"ix":6}},"ao":0,"shapes":[{"ty":"gr","it":[{"ind":0,"ty":"sh","ix":1,"ks":{"a":0,"k":{"i":[[0.58,0.581],[0,0],[-0.586,0.586],[0,0],[-0.586,-0.586],[0,0],[0,0],[-0.578,-0.593],[0,0],[0.593,-0.578],[0,0]],"o":[[0,0],[-0.586,-0.586],[0,0],[0.586,-0.586],[0,0],[0,0],[0.593,-0.578],[0,0],[0.578,0.593],[0,0],[-0.588,0.573]],"v":[[-6.426,14.748],[-20.11,1.063],[-20.11,-1.059],[-16.575,-4.594],[-14.454,-4.594],[-5.306,4.553],[14.506,-14.756],[16.627,-14.729],[20.117,-11.148],[20.09,-9.027],[-4.318,14.761]],"c":true},"ix":2},"nm":"Path 1","mn":"ADBE Vector Shape - Group","hd":false},{"ty":"fl","c":{"a":0,"k":[1,1,1,1],"ix":4},"o":{"a":0,"k":100,"ix":5},"r":1,"nm":"Fill 1","mn":"ADBE Vector Graphic - Fill","hd":false},{"ty":"tr","p":{"a":0,"k":[0,0],"ix":2},"a":{"a":0,"k":[0,0],"ix":1},"s":{"a":0,"k":[100,100],"ix":3},"r":{"a":0,"k":0,"ix":6},"o":{"a":0,"k":100,"ix":7},"sk":{"a":0,"k":0,"ix":4},"sa":{"a":0,"k":0,"ix":5},"nm":"Transform"}],"nm":"Shape 1","np":3,"cix":2,"ix":1,"mn":"ADBE Vector Group","hd":false}],"ip":55,"op":114,"st":-165.877877877878,"bm":0},{"ddd":0,"ind":2,"ty":4,"nm":"circle","sr":1,"ks":{"o":{"a":0,"k":100,"ix":11},"r":{"a":0,"k":0,"ix":10},"p":{"a":0,"k":[340,196,0],"ix":2},"a":{"a":0,"k":[0,0,0],"ix":1},"s":{"a":1,"k":[{"i":{"x":[0.833,0.833,0.833],"y":[0.833,0.833,0.833]},"o":{"x":[0.167,0.167,0.167],"y":[0.167,0.167,0.167]},"n":["0p833_0p833_0p167_0p167","0p833_0p833_0p167_0p167","0p833_0p833_0p167_0p167"],"t":57,"s":[34.973,34.973,100],"e":[41,41,100]},{"i":{"x":[0.833,0.833,0.833],"y":[0.833,0.833,0.833]},"o":{"x":[0.167,0.167,0.167],"y":[0.167,0.167,0.167]},"n":["0p833_0p833_0p167_0p167","0p833_0p833_0p167_0p167","0p833_0p833_0p167_0p167"],"t":71,"s":[41,41,100],"e":[40.4,40.4,100]},{"i":{"x":[0.833,0.833,0.833],"y":[0.833,0.833,0.833]},"o":{"x":[0.167,0.167,0.167],"y":[0.167,0.167,0.167]},"n":["0p833_0p833_0p167_0p167","0p833_0p833_0p167_0p167","0p833_0p833_0p167_0p167"],"t":84,"s":[40.4,40.4,100],"e":[34,34,100]},{"t":94}],"ix":6}},"ao":0,"shapes":[{"ty":"gr","it":[{"ind":0,"ty":"sh","ix":1,"ks":{"a":1,"k":[{"i":{"x":0,"y":1},"o":{"x":0.167,"y":0.167},"n":"0_1_0p167_0p167","t":486.533,"s":[{"i":[[27.5,0],[0,0],[0,27.5],[0,0],[-27.5,0],[0,0],[0,-27.5],[0,0]],"o":[[0,0],[-27.5,0],[0,0],[0,-27.5],[0,0],[27.5,0],[0,0],[0,27.5]],"v":[[0,50],[0,50],[-50,0],[-50,0],[0,-50],[0,-50],[50,0],[50,0]],"c":true}],"e":[{"i":[[27.5,0],[0,0],[0,27.5],[0,0],[-27.5,0],[0,0],[0,-27.5],[0,0]],"o":[[0,0],[-27.5,0],[0,0],[0,-27.5],[0,0],[27.5,0],[0,0],[0,27.5]],"v":[[77.5,50],[-77.5,50],[-127.5,0],[-127.5,0],[-77.5,-50],[77.5,-50],[127.5,0],[127.5,0]],"c":true}]},{"t":506.552734375}],"ix":2},"nm":"Path 1","mn":"ADBE Vector Shape - Group","hd":false},{"ty":"fl","c":{"a":0,"k":[0.227450980392,0.717647058824,0.23137254902,1],"ix":4},"o":{"a":0,"k":100,"ix":5},"r":1,"nm":"Fill 1","mn":"ADBE Vector Graphic - Fill","hd":false},{"ty":"tr","p":{"a":0,"k":[0,0],"ix":2},"a":{"a":0,"k":[0,0],"ix":1},"s":{"a":0,"k":[100,100],"ix":3},"r":{"a":0,"k":0,"ix":6},"o":{"a":0,"k":100,"ix":7},"sk":{"a":0,"k":0,"ix":4},"sa":{"a":0,"k":0,"ix":5},"nm":"Transform"}],"nm":"Shape 1","np":3,"cix":2,"ix":1,"mn":"ADBE Vector Group","hd":false}],"ip":54,"op":114,"st":-46,"bm":0},{"ddd":0,"ind":3,"ty":4,"nm":"doctor Outlines","sr":1,"ks":{"o":{"a":0,"k":100,"ix":11},"r":{"a":0,"k":0,"ix":10},"p":{"a":0,"k":[400,300,0],"ix":2},"a":{"a":0,"k":[178.5,176,0],"ix":1},"s":{"a":0,"k":[100,100,100],"ix":6}},"ao":0,"shapes":[{"ty":"gr","it":[{"ty":"rc","d":1,"s":{"a":1,"k":[{"i":{"x":[0.833,0.833],"y":[0.833,0.833]},"o":{"x":[0.167,0.167],"y":[0.167,0.167]},"n":["0p833_0p833_0p167_0p167","0p833_0p833_0p167_0p167"],"t":0,"s":[3,7],"e":[35,7]},{"t":88}],"ix":2},"p":{"a":0,"k":[0,0],"ix":3},"r":{"a":0,"k":3,"ix":4},"nm":"Rectangle Path 1","mn":"ADBE Vector Shape - Rect","hd":false},{"ty":"st","c":{"a":0,"k":[0.007842999814,0.109803996367,0.007842999814,1],"ix":3},"o":{"a":0,"k":100,"ix":4},"w":{"a":0,"k":0,"ix":5},"lc":1,"lj":1,"ml":4,"nm":"Stroke 1","mn":"ADBE Vector Graphic - Stroke","hd":false},{"ty":"fl","c":{"a":0,"k":[1,1,1,1],"ix":4},"o":{"a":0,"k":100,"ix":5},"r":1,"nm":"Fill 1","mn":"ADBE Vector Graphic - Fill","hd":false},{"ty":"tr","p":{"a":0,"k":[56.143,133.965],"ix":2},"a":{"a":1,"k":[{"i":{"x":0.833,"y":0.833},"o":{"x":0.167,"y":0.167},"n":"0p833_0p833_0p167_0p167","t":0,"s":[15,0],"e":[0,0],"to":[-2.5,0],"ti":[2.5,0]},{"t":88}],"ix":1},"s":{"a":0,"k":[108.813,64.596],"ix":3},"r":{"a":0,"k":-28.744,"ix":6},"o":{"a":1,"k":[{"i":{"x":[0.833],"y":[0.833]},"o":{"x":[0.167],"y":[0.167]},"n":["0p833_0p833_0p167_0p167"],"t":0,"s":[0],"e":[0]},{"i":{"x":[0.833],"y":[0.833]},"o":{"x":[0.167],"y":[0.167]},"n":["0p833_0p833_0p167_0p167"],"t":53,"s":[0],"e":[71.836]},{"i":{"x":[0.833],"y":[0.833]},"o":{"x":[0.167],"y":[0.167]},"n":["0p833_0p833_0p167_0p167"],"t":59,"s":[71.836],"e":[100]},{"t":88}],"ix":7},"sk":{"a":0,"k":0,"ix":4},"sa":{"a":0,"k":0,"ix":5},"nm":"Transform"}],"nm":"Rectangle 4","np":3,"cix":2,"ix":1,"mn":"ADBE Vector Group","hd":false},{"ty":"gr","it":[{"ty":"rc","d":1,"s":{"a":1,"k":[{"i":{"x":[0.833,0.833],"y":[0.833,0.833]},"o":{"x":[0.167,0.167],"y":[0.167,0.167]},"n":["0p833_0p833_0p167_0p167","0p833_0p833_0p167_0p167"],"t":31,"s":[8,7],"e":[57.438,7]},{"t":80}],"ix":2},"p":{"a":0,"k":[0,0],"ix":3},"r":{"a":0,"k":3,"ix":4},"nm":"Rectangle Path 1","mn":"ADBE Vector Shape - Rect","hd":false},{"ty":"st","c":{"a":0,"k":[0.007842999814,0.109803996367,0.007842999814,1],"ix":3},"o":{"a":0,"k":100,"ix":4},"w":{"a":0,"k":0,"ix":5},"lc":1,"lj":1,"ml":4,"nm":"Stroke 1","mn":"ADBE Vector Graphic - Stroke","hd":false},{"ty":"fl","c":{"a":0,"k":[1,1,1,1],"ix":4},"o":{"a":0,"k":100,"ix":5},"r":1,"nm":"Fill 1","mn":"ADBE Vector Graphic - Fill","hd":false},{"ty":"tr","p":{"a":0,"k":[49.944,122.396],"ix":2},"a":{"a":1,"k":[{"i":{"x":0.833,"y":0.833},"o":{"x":0.167,"y":0.167},"n":"0p833_0p833_0p167_0p167","t":31,"s":[13,0],"e":[-11,0],"to":[-3.68789887428284,0],"ti":[4.49554920196533,0]},{"t":80}],"ix":1},"s":{"a":0,"k":[108.813,64.596],"ix":3},"r":{"a":0,"k":-28.744,"ix":6},"o":{"a":1,"k":[{"i":{"x":[0.833],"y":[0.833]},"o":{"x":[0.167],"y":[0.167]},"n":["0p833_0p833_0p167_0p167"],"t":0,"s":[0],"e":[0]},{"i":{"x":[0.833],"y":[0.833]},"o":{"x":[0.167],"y":[0.167]},"n":["0p833_0p833_0p167_0p167"],"t":27,"s":[0],"e":[54]},{"i":{"x":[0.833],"y":[0.833]},"o":{"x":[0.167],"y":[0.167]},"n":["0p833_0p833_0p167_0p167"],"t":31,"s":[54],"e":[99]},{"t":80}],"ix":7},"sk":{"a":0,"k":0,"ix":4},"sa":{"a":0,"k":0,"ix":5},"nm":"Transform"}],"nm":"Rectangle 3","np":3,"cix":2,"ix":2,"mn":"ADBE Vector Group","hd":false},{"ty":"gr","it":[{"ty":"rc","d":1,"s":{"a":1,"k":[{"i":{"x":[0.833,0.833],"y":[0.833,0.833]},"o":{"x":[0.167,0.167],"y":[0.167,0.167]},"n":["0p833_0p833_0p167_0p167","0p833_0p833_0p167_0p167"],"t":0,"s":[9,7],"e":[70,7]},{"t":53}],"ix":2},"p":{"a":0,"k":[0,0],"ix":3},"r":{"a":0,"k":3,"ix":4},"nm":"Rectangle Path 1","mn":"ADBE Vector Shape - Rect","hd":false},{"ty":"st","c":{"a":0,"k":[0.007842999814,0.109803996367,0.007842999814,1],"ix":3},"o":{"a":0,"k":100,"ix":4},"w":{"a":0,"k":0,"ix":5},"lc":1,"lj":1,"ml":4,"nm":"Stroke 1","mn":"ADBE Vector Graphic - Stroke","hd":false},{"ty":"fl","c":{"a":0,"k":[1,1,1,1],"ix":4},"o":{"a":0,"k":100,"ix":5},"r":1,"nm":"Fill 1","mn":"ADBE Vector Graphic - Fill","hd":false},{"ty":"tr","p":{"a":0,"k":[43.849,110.688],"ix":2},"a":{"a":1,"k":[{"i":{"x":0.833,"y":0.833},"o":{"x":0.167,"y":0.167},"n":"0p833_0p833_0p167_0p167","t":0,"s":[13,0],"e":[-18,0],"to":[-5.16666650772095,0],"ti":[5.16666650772095,0]},{"t":53}],"ix":1},"s":{"a":0,"k":[108.813,64.596],"ix":3},"r":{"a":0,"k":-28.744,"ix":6},"o":{"a":0,"k":100,"ix":7},"sk":{"a":0,"k":0,"ix":4},"sa":{"a":0,"k":0,"ix":5},"nm":"Transform"}],"nm":"Rectangle 1","np":3,"cix":2,"ix":3,"mn":"ADBE Vector Group","hd":false},{"ty":"gr","it":[{"ty":"gr","it":[{"ind":0,"ty":"sh","ix":1,"ks":{"a":0,"k":{"i":[[-1.872,-13.119],[0,0],[0,0],[10.048,-1.757],[4.756,3.22],[1.96,0.001]],"o":[[3.581,25.112],[0,0],[0,0],[-6.545,1.287],[-4.019,-2.721],[-2.398,0]],"v":[[-19.445,-4.151],[13.467,21.338],[21.318,1.813],[8.066,-10.742],[-9.182,-15.895],[-18.331,-21.339]],"c":true},"ix":2},"nm":"Path 2","mn":"ADBE Vector Shape - Group","hd":false},{"ty":"tr","p":{"a":0,"k":[0,0],"ix":2},"a":{"a":0,"k":[0,0],"ix":1},"s":{"a":0,"k":[100,100],"ix":3},"r":{"a":0,"k":0,"ix":6},"o":{"a":0,"k":100,"ix":7},"sk":{"a":0,"k":0,"ix":4},"sa":{"a":0,"k":0,"ix":5},"nm":"Transform"}],"nm":"Group 1","np":1,"cix":2,"ix":1,"mn":"ADBE Vector Group","hd":false},{"ty":"fl","c":{"a":0,"k":[0.619607843137,0.396078431373,0.294117647059,1],"ix":4},"o":{"a":0,"k":100,"ix":5},"r":1,"nm":"Fill 1","mn":"ADBE Vector Graphic - Fill","hd":false},{"ty":"tr","p":{"a":0,"k":[50.052,198.327],"ix":2},"a":{"a":0,"k":[0,0],"ix":1},"s":{"a":0,"k":[100,100],"ix":3},"r":{"a":0,"k":0,"ix":6},"o":{"a":0,"k":100,"ix":7},"sk":{"a":0,"k":0,"ix":4},"sa":{"a":0,"k":0,"ix":5},"nm":"Transform"}],"nm":"Group 8","np":2,"cix":2,"ix":4,"mn":"ADBE Vector Group","hd":false},{"ty":"gr","it":[{"ind":0,"ty":"sh","ix":1,"ks":{"a":0,"k":{"i":[[0,-3.313],[-3.314,0],[0,3.315],[3.313,0]],"o":[[0,3.315],[3.313,0],[0,-3.313],[-3.314,0]],"v":[[73.5,94.999],[79.5,100.999],[85.5,94.999],[79.5,89]],"c":true},"ix":2},"nm":"Path 2","mn":"ADBE Vector Shape - Group","hd":false},{"ty":"fl","c":{"a":0,"k":[1,1,1,1],"ix":4},"o":{"a":0,"k":100,"ix":5},"r":1,"nm":"Fill 1","mn":"ADBE Vector Graphic - Fill","hd":false},{"ty":"tr","p":{"a":0,"k":[178.5,176],"ix":2},"a":{"a":0,"k":[0,0],"ix":1},"s":{"a":0,"k":[100,100],"ix":3},"r":{"a":0,"k":0,"ix":6},"o":{"a":0,"k":100,"ix":7},"sk":{"a":0,"k":0,"ix":4},"sa":{"a":0,"k":0,"ix":5},"nm":"Transform"}],"nm":"Group 1","np":2,"cix":2,"ix":5,"mn":"ADBE Vector Group","hd":false},{"ty":"gr","it":[{"ty":"gr","it":[{"ind":0,"ty":"sh","ix":1,"ks":{"a":0,"k":{"i":[[0.819,-6.659],[6.4,-1.235],[-1.374,-5.611],[-1.457,0.103],[-0.29,1.444],[-5.625,1.846],[7.368,-11.537],[-6.278,1.128],[-3.247,-1.108],[-1.56,15.445],[-0.187,20.931],[10.343,0.001]],"o":[[-0.205,6.578],[8.492,1.449],[0.485,1.391],[1.455,-0.103],[0.134,-5.971],[11.239,-3.782],[-4.612,7.222],[3.752,-0.673],[2.185,0.757],[-2.435,14.058],[0.119,-13.305],[-5.925,-0.001]],"v":[[-19.7,-21.143],[-31,-7.777],[-18.887,10.505],[-15.598,12.684],[-12.643,10.064],[-3.028,-2.986],[4.027,23.492],[10.377,28.459],[21.697,28.22],[31,0.167],[15.578,-8.534],[-8.029,-30.713]],"c":true},"ix":2},"nm":"Path 2","mn":"ADBE Vector Shape - Group","hd":false},{"ty":"tr","p":{"a":0,"k":[0,0],"ix":2},"a":{"a":0,"k":[0,0],"ix":1},"s":{"a":0,"k":[100,100],"ix":3},"r":{"a":0,"k":0,"ix":6},"o":{"a":0,"k":100,"ix":7},"sk":{"a":0,"k":0,"ix":4},"sa":{"a":0,"k":0,"ix":5},"nm":"Transform"}],"nm":"Group 1","np":1,"cix":2,"ix":1,"mn":"ADBE Vector Group","hd":false},{"ty":"gf","o":{"a":0,"k":100,"ix":10},"r":1,"g":{"p":3,"k":{"a":0,"k":[0,0.251,0.149,0.176,0.5,0.227,0.127,0.165,1,0.204,0.106,0.153],"ix":9}},"s":{"a":0,"k":[0,0],"ix":5},"e":{"a":0,"k":[100,0],"ix":6},"t":1,"nm":"Gradient Fill 1","mn":"ADBE Vector Graphic - G-Fill","hd":false},{"ty":"tr","p":{"a":0,"k":[273,51.713],"ix":2},"a":{"a":0,"k":[0,0],"ix":1},"s":{"a":0,"k":[100,100],"ix":3},"r":{"a":0,"k":0,"ix":6},"o":{"a":0,"k":100,"ix":7},"sk":{"a":0,"k":0,"ix":4},"sa":{"a":0,"k":0,"ix":5},"nm":"Transform"}],"nm":"Group 2","np":2,"cix":2,"ix":6,"mn":"ADBE Vector Group","hd":false},{"ty":"gr","it":[{"ty":"gr","it":[{"ind":0,"ty":"sh","ix":1,"ks":{"a":0,"k":{"i":[[0,0],[4.767,-9.347],[-3.006,-2.264],[-7.926,0.545],[-1.191,-6.248],[-1.558,-0.001],[-0.132,1.696],[-5.644,1.829],[7.393,-11.434],[-6.299,1.117],[-3.258,-1.098],[49.432,8.873],[4.207,0.012]],"o":[[-27.527,0.075],[-1.78,3.311],[6.163,5.001],[11.466,-1.75],[0.298,1.524],[1.705,0.005],[0.135,-5.917],[11.278,-3.749],[-4.628,7.157],[3.765,-0.667],[5.011,1.686],[-4.92,-0.912],[0,0]],"v":[[-8.363,-40.706],[-53.335,-13.811],[-51.206,-4.126],[-29.279,2.809],[-13.926,20.617],[-10.732,23.24],[-7.474,20.242],[2.174,7.309],[9.254,33.55],[15.625,38.472],[26.986,38.236],[5.684,-39.365],[-7.996,-40.706]],"c":true},"ix":2},"nm":"Path 2","mn":"ADBE Vector Shape - Group","hd":false},{"ty":"tr","p":{"a":0,"k":[0,0],"ix":2},"a":{"a":0,"k":[0,0],"ix":1},"s":{"a":0,"k":[100,100],"ix":3},"r":{"a":0,"k":0,"ix":6},"o":{"a":0,"k":100,"ix":7},"sk":{"a":0,"k":0,"ix":4},"sa":{"a":0,"k":0,"ix":5},"nm":"Transform"}],"nm":"Group 1","np":1,"cix":2,"ix":1,"mn":"ADBE Vector Group","hd":false},{"ty":"fl","c":{"a":0,"k":[0.145098039216,0.050980392157,0.023529411765,1],"ix":4},"o":{"a":0,"k":100,"ix":5},"r":1,"nm":"Fill 1","mn":"ADBE Vector Graphic - Fill","hd":false},{"ty":"tr","p":{"a":0,"k":[267.243,40.706],"ix":2},"a":{"a":0,"k":[0,0],"ix":1},"s":{"a":0,"k":[100,100],"ix":3},"r":{"a":0,"k":0,"ix":6},"o":{"a":0,"k":100,"ix":7},"sk":{"a":0,"k":0,"ix":4},"sa":{"a":0,"k":0,"ix":5},"nm":"Transform"}],"nm":"Group 3","np":2,"cix":2,"ix":7,"mn":"ADBE Vector Group","hd":false},{"ty":"gr","it":[{"ind":0,"ty":"sh","ix":1,"ks":{"a":0,"k":{"i":[[8.094,-15.272],[80.581,71.943],[0,0],[-4.401,-4.544],[-108.656,185.195],[30.651,-5.588]],"o":[[-21.543,41.245],[0,0],[-4.188,4.74],[29.205,30.259],[28.954,-49.406],[-17.03,2.987]],"v":[[29.353,-81.831],[-123.582,-35.752],[-136.521,-21.062],[-136.144,-4.615],[111.755,-66.827],[69.172,-110.771]],"c":true},"ix":2},"nm":"Path 1","mn":"ADBE Vector Shape - Group","hd":false},{"ty":"fl","c":{"a":0,"k":[0.250980392157,0.827450980392,0.729411764706,1],"ix":4},"o":{"a":0,"k":100,"ix":5},"r":1,"nm":"Fill 1","mn":"ADBE Vector Graphic - Fill","hd":false},{"ty":"tr","p":{"a":0,"k":[194.951,235.641],"ix":2},"a":{"a":0,"k":[0,0],"ix":1},"s":{"a":0,"k":[100,100],"ix":3},"r":{"a":0,"k":0,"ix":6},"o":{"a":0,"k":100,"ix":7},"sk":{"a":0,"k":0,"ix":4},"sa":{"a":0,"k":0,"ix":5},"nm":"Transform"}],"nm":"Group 4","np":2,"cix":2,"ix":8,"mn":"ADBE Vector Group","hd":false},{"ty":"gr","it":[{"ind":0,"ty":"sh","ix":1,"ks":{"a":0,"k":{"i":[[10.489,-51.98],[1.382,-8.098],[-14.288,78.698],[5.276,13.748],[4.836,11.74],[0.817,1.758],[10.049,-2.574],[1.821,-2.888],[0,0],[0.942,-1.256],[4.766,-11.357],[9.735,-38.734]],"o":[[-2.889,14.313],[79.79,-6.056],[-5.652,-17.201],[-1.067,-3.139],[-0.692,-1.946],[-9.044,-21.031],[-30.901,9.103],[0,0],[-0.879,1.317],[-6.928,10.184],[0,0],[-10.991,46.33]],"v":[[-73.579,100.225],[-79.859,132.806],[79.858,-11.081],[63.026,-58.164],[53.606,-83.275],[51.281,-88.862],[19.878,-130.232],[-25.28,-99.848],[-26.097,-98.592],[-28.86,-94.763],[-46.446,-62.37],[-37.339,-38.577]],"c":true},"ix":2},"nm":"Path 1","mn":"ADBE Vector Shape - Group","hd":false},{"ty":"gf","o":{"a":0,"k":100,"ix":10},"r":1,"g":{"p":3,"k":{"a":0,"k":[0,0.212,0.78,0.682,0.5,0.229,0.8,0.702,1,0.247,0.82,0.722],"ix":9}},"s":{"a":0,"k":[0,0],"ix":5},"e":{"a":0,"k":[100,0],"ix":6},"t":1,"nm":"Gradient Fill 1","mn":"ADBE Vector Graphic - G-Fill","hd":false},{"ty":"tr","p":{"a":0,"k":[268.991,218.691],"ix":2},"a":{"a":0,"k":[0,0],"ix":1},"s":{"a":0,"k":[100,100],"ix":3},"r":{"a":0,"k":0,"ix":6},"o":{"a":0,"k":100,"ix":7},"sk":{"a":0,"k":0,"ix":4},"sa":{"a":0,"k":0,"ix":5},"nm":"Transform"}],"nm":"Group 6","np":2,"cix":2,"ix":9,"mn":"ADBE Vector Group","hd":false},{"ty":"gr","it":[{"ty":"gr","it":[{"ind":0,"ty":"sh","ix":1,"ks":{"a":0,"k":{"i":[[1.367,-0.156],[3.279,-16.408],[-5.401,-0.189],[0,0],[-1.339,-2.192],[-10.026,-2.789],[-0.675,-1.582],[0.83,-1.506],[-0.69,-4.458],[-6.03,18.582],[3.917,8.47],[-3.488,9.147],[0.838,7.121],[19.846,0.001]],"o":[[-16.565,2.411],[0,0],[0,0],[2.571,0.033],[5.383,8.904],[1.663,0.443],[0.674,1.581],[-2.638,4.394],[6.971,39.3],[-7.75,-5.203],[-3.97,-8.949],[2.406,-6.754],[-2.587,-22.278],[-1.349,0]],"v":[[-9.641,-71.765],[-42.74,-40.377],[-45.127,-8.359],[-43.243,-8.359],[-36.962,-4.782],[-12.97,13.424],[-9.267,16.632],[-9.515,21.523],[-15.105,32.697],[50.528,37.029],[32.691,16.124],[31.938,-12.126],[34.324,-33.22],[-5.566,-71.997]],"c":true},"ix":2},"nm":"Path 2","mn":"ADBE Vector Shape - Group","hd":false},{"ty":"tr","p":{"a":0,"k":[0,0],"ix":2},"a":{"a":0,"k":[0,0],"ix":1},"s":{"a":0,"k":[100,100],"ix":3},"r":{"a":0,"k":0,"ix":6},"o":{"a":0,"k":100,"ix":7},"sk":{"a":0,"k":0,"ix":4},"sa":{"a":0,"k":0,"ix":5},"nm":"Transform"}],"nm":"Group 1","np":1,"cix":2,"ix":1,"mn":"ADBE Vector Group","hd":false},{"ty":"fl","c":{"a":0,"k":[0.607843137255,0.325490196078,0.207843137255,1],"ix":4},"o":{"a":0,"k":100,"ix":5},"r":1,"nm":"Fill 1","mn":"ADBE Vector Graphic - Fill","hd":false},{"ty":"tr","p":{"a":0,"k":[264.029,85.644],"ix":2},"a":{"a":0,"k":[0,0],"ix":1},"s":{"a":0,"k":[100,100],"ix":3},"r":{"a":0,"k":0,"ix":6},"o":{"a":0,"k":100,"ix":7},"sk":{"a":0,"k":0,"ix":4},"sa":{"a":0,"k":0,"ix":5},"nm":"Transform"}],"nm":"Group 7","np":2,"cix":2,"ix":10,"mn":"ADBE Vector Group","hd":false},{"ty":"gr","it":[{"ind":0,"ty":"sh","ix":1,"ks":{"a":0,"k":{"i":[[0,0],[42.708,66.105],[0,0],[-4.93,-6.102],[-63.875,8.725]],"o":[[0,0],[0,0],[-3.275,7.127],[12.561,15.631],[135.6,-18.269]],"v":[[-13.994,-40.962],[-93.633,-40.272],[-102.363,-21.438],[-99.662,0.157],[8.177,32.237]],"c":true},"ix":2},"nm":"Path 1","mn":"ADBE Vector Shape - Group","hd":false},{"ty":"gf","o":{"a":0,"k":100,"ix":10},"r":1,"g":{"p":3,"k":{"a":0,"k":[0,0.212,0.78,0.682,0.5,0.229,0.8,0.702,1,0.247,0.82,0.722],"ix":9}},"s":{"a":0,"k":[0,0],"ix":5},"e":{"a":0,"k":[100,0],"ix":6},"t":1,"nm":"Gradient Fill 1","mn":"ADBE Vector Graphic - G-Fill","hd":false},{"ty":"tr","p":{"a":0,"k":[251.362,169.787],"ix":2},"a":{"a":0,"k":[0,0],"ix":1},"s":{"a":0,"k":[100,100],"ix":3},"r":{"a":0,"k":0,"ix":6},"o":{"a":0,"k":100,"ix":7},"sk":{"a":0,"k":0,"ix":4},"sa":{"a":0,"k":0,"ix":5},"nm":"Transform"}],"nm":"Group 13","np":2,"cix":2,"ix":11,"mn":"ADBE Vector Group","hd":false},{"ty":"gr","it":[{"ty":"gr","it":[{"ind":0,"ty":"sh","ix":1,"ks":{"a":0,"k":{"i":[[2.047,-5.836],[0,0],[0,0],[7.6,10.61],[-0.126,4.206],[2.073,-0.001]],"o":[[-5.966,17.012],[0,0],[0,0],[-7.6,-10.609],[0.082,-2.763],[-1.082,0.001]],"v":[[-9.264,-15.488],[-2.105,17.91],[0.785,23.372],[7.63,4.538],[-2.105,-13.103],[-4.635,-23.37]],"c":true},"ix":2},"nm":"Path 2","mn":"ADBE Vector Shape - Group","hd":false},{"ty":"tr","p":{"a":0,"k":[0,0],"ix":2},"a":{"a":0,"k":[0,0],"ix":1},"s":{"a":0,"k":[100,100],"ix":3},"r":{"a":0,"k":0,"ix":6},"o":{"a":0,"k":100,"ix":7},"sk":{"a":0,"k":0,"ix":4},"sa":{"a":0,"k":0,"ix":5},"nm":"Transform"}],"nm":"Group 1","np":1,"cix":2,"ix":1,"mn":"ADBE Vector Group","hd":false},{"ty":"fl","c":{"a":0,"k":[0.61568627451,0.396078431373,0.294117647059,1],"ix":4},"o":{"a":0,"k":100,"ix":5},"r":1,"nm":"Fill 1","mn":"ADBE Vector Graphic - Fill","hd":false},{"ty":"tr","p":{"a":0,"k":[150.035,124.914],"ix":2},"a":{"a":0,"k":[0,0],"ix":1},"s":{"a":0,"k":[100,100],"ix":3},"r":{"a":0,"k":0,"ix":6},"o":{"a":0,"k":100,"ix":7},"sk":{"a":0,"k":0,"ix":4},"sa":{"a":0,"k":0,"ix":5},"nm":"Transform"}],"nm":"Group 14","np":2,"cix":2,"ix":12,"mn":"ADBE Vector Group","hd":false},{"ty":"gr","it":[{"ty":"gr","it":[{"ind":0,"ty":"sh","ix":1,"ks":{"a":0,"k":{"i":[[1.672,-0.913],[0,0],[0.791,-2.817],[-1.442,-2.545],[0,0],[-2.845,-0.754],[-2.535,1.497],[0,0],[2.917,5.194],[0,0],[3.826,0]],"o":[[0,0],[-2.554,1.426],[-0.79,2.816],[0,0],[1.458,2.556],[2.846,0.755],[0,0],[5.12,-3.051],[0,0],[-2.023,-3.553],[-1.782,0]],"v":[[15.666,-75.773],[-73.269,-26.618],[-78.495,-19.99],[-77.477,-11.614],[-30.372,71.189],[-23.645,76.365],[-15.235,75.207],[72.129,23.291],[76.087,8.475],[30.488,-71.567],[20.926,-77.12]],"c":true},"ix":2},"nm":"Path 2","mn":"ADBE Vector Shape - Group","hd":false},{"ty":"tr","p":{"a":0,"k":[0,0],"ix":2},"a":{"a":0,"k":[0,0],"ix":1},"s":{"a":0,"k":[100,100],"ix":3},"r":{"a":0,"k":0,"ix":6},"o":{"a":0,"k":100,"ix":7},"sk":{"a":0,"k":0,"ix":4},"sa":{"a":0,"k":0,"ix":5},"nm":"Transform"}],"nm":"Group 1","np":1,"cix":2,"ix":1,"mn":"ADBE Vector Group","hd":false},{"ty":"gf","o":{"a":0,"k":100,"ix":10},"r":1,"g":{"p":3,"k":{"a":0,"k":[0,0.486,0.341,0.89,0.5,0.41,0.26,0.872,1,0.334,0.178,0.854],"ix":9}},"s":{"a":0,"k":[0,0],"ix":5},"e":{"a":0,"k":[100,0],"ix":6},"t":1,"nm":"Gradient Fill 1","mn":"ADBE Vector Graphic - G-Fill","hd":false},{"ty":"tr","p":{"a":0,"k":[79.004,131.713],"ix":2},"a":{"a":0,"k":[0,0],"ix":1},"s":{"a":0,"k":[100,100],"ix":3},"r":{"a":0,"k":0,"ix":6},"o":{"a":0,"k":100,"ix":7},"sk":{"a":0,"k":0,"ix":4},"sa":{"a":0,"k":0,"ix":5},"nm":"Transform"}],"nm":"board","np":2,"cix":2,"ix":13,"mn":"ADBE Vector Group","hd":false},{"ty":"gr","it":[{"ind":0,"ty":"sh","ix":1,"ks":{"a":0,"k":{"i":[[0,0],[0,0],[0,0],[0,0],[0,0],[-0.82,4.023],[0,0],[0,0],[1.845,0],[0,0],[0,-1.84],[0,0],[0,0],[0,-1.909],[0,0],[0,0],[0,0],[2.124,0],[0,0],[0,0],[22.21,0]],"o":[[0,0],[0,0],[0,0],[0,0],[1.072,-3.896],[0,0],[0,0],[0,-1.84],[0,0],[-1.845,0],[0,0],[0,0],[-1.915,0],[0,0],[0,0],[0,0],[0,-2.118],[0,0],[0,0],[0,-22.149],[0,0]],"v":[[-7.82,-83],[-7.82,18.267],[-36.5,18.267],[-36.5,47.999],[167.537,47.999],[170.5,36.056],[145.729,36.056],[145.729,-30.952],[142.388,-34.284],[98.705,-34.284],[95.365,-30.952],[95.365,11.227],[87.801,11.227],[84.334,14.684],[84.334,21.914],[57.609,21.914],[57.609,3.055],[53.763,-0.779],[32.71,-0.779],[32.71,-42.895],[-7.505,-83]],"c":true},"ix":2},"nm":"Path 2","mn":"ADBE Vector Shape - Group","hd":false},{"ty":"gf","o":{"a":0,"k":100,"ix":10},"r":1,"g":{"p":3,"k":{"a":0,"k":[0,0.918,0.788,0.659,0.5,0.902,0.714,0.633,1,0.886,0.639,0.608],"ix":9}},"s":{"a":0,"k":[0,0],"ix":5},"e":{"a":0,"k":[100,0],"ix":6},"t":1,"nm":"Gradient Fill 1","mn":"ADBE Vector Graphic - G-Fill","hd":false},{"ty":"tr","p":{"a":0,"k":[178.5,176],"ix":2},"a":{"a":0,"k":[0,0],"ix":1},"s":{"a":0,"k":[100,100],"ix":3},"r":{"a":0,"k":0,"ix":6},"o":{"a":0,"k":100,"ix":7},"sk":{"a":0,"k":0,"ix":4},"sa":{"a":0,"k":0,"ix":5},"nm":"Transform"}],"nm":"Group 18","np":2,"cix":2,"ix":14,"mn":"ADBE Vector Group","hd":false},{"ty":"gr","it":[{"ind":0,"ty":"sh","ix":1,"ks":{"a":0,"k":{"i":[[0.03,-5.828],[0,0],[0,0],[0,0],[0,0],[0,0],[0,0],[-0.033,16.218],[1.586,9.601]],"o":[[0,0],[0,0],[0,0],[0,0],[0,0],[0,0],[4.421,-15.597],[0,-9.732],[-5.798,0.236]],"v":[[160.701,-18.162],[160.701,-1.401],[152.922,-1.401],[152.922,23.803],[93.696,23.803],[91.5,47.999],[166.787,47.999],[173.5,0.048],[171.116,-29]],"c":true},"ix":2},"nm":"Path 2","mn":"ADBE Vector Shape - Group","hd":false},{"ty":"gf","o":{"a":0,"k":100,"ix":10},"r":1,"g":{"p":3,"k":{"a":0,"k":[0,0.918,0.788,0.659,0.5,0.902,0.714,0.633,1,0.886,0.639,0.608],"ix":9}},"s":{"a":0,"k":[0,0],"ix":5},"e":{"a":0,"k":[100,0],"ix":6},"t":1,"nm":"Gradient Fill 1","mn":"ADBE Vector Graphic - G-Fill","hd":false},{"ty":"tr","p":{"a":0,"k":[178.5,176],"ix":2},"a":{"a":0,"k":[0,0],"ix":1},"s":{"a":0,"k":[100,100],"ix":3},"r":{"a":0,"k":0,"ix":6},"o":{"a":0,"k":100,"ix":7},"sk":{"a":0,"k":0,"ix":4},"sa":{"a":0,"k":0,"ix":5},"nm":"Transform"}],"nm":"Group 19","np":2,"cix":2,"ix":15,"mn":"ADBE Vector Group","hd":false},{"ty":"gr","it":[{"ty":"gr","it":[{"ind":0,"ty":"sh","ix":1,"ks":{"a":0,"k":{"i":[[0.774,-0.389],[0.46,0.192],[0.516,-0.283],[1.048,-0.452],[-4.919,1.037],[1.398,0.539],[0.853,0]],"o":[[-0.51,0.444],[-0.414,-0.172],[-0.873,0.703],[5.007,0.56],[-1.505,-0.138],[-0.773,-0.389],[-0.853,0]],"v":[[-1.835,-0.859],[-3.243,-0.799],[-4.603,-0.859],[-7.5,0.882],[7.5,0.161],[3.122,-0.859],[0.644,-1.443]],"c":true},"ix":2},"nm":"Path 2","mn":"ADBE Vector Shape - Group","hd":false},{"ty":"tr","p":{"a":0,"k":[0,0],"ix":2},"a":{"a":0,"k":[0,0],"ix":1},"s":{"a":0,"k":[100,100],"ix":3},"r":{"a":0,"k":0,"ix":6},"o":{"a":0,"k":100,"ix":7},"sk":{"a":0,"k":0,"ix":4},"sa":{"a":0,"k":0,"ix":5},"nm":"Transform"}],"nm":"Group 1","np":1,"cix":2,"ix":1,"mn":"ADBE Vector Group","hd":false},{"ty":"gf","o":{"a":0,"k":100,"ix":10},"r":1,"g":{"p":3,"k":{"a":0,"k":[0,0.91,0.753,0.647,0.5,0.898,0.696,0.627,1,0.886,0.639,0.608],"ix":9}},"s":{"a":0,"k":[0,0],"ix":5},"e":{"a":0,"k":[100,0],"ix":6},"t":1,"nm":"Gradient Fill 1","mn":"ADBE Vector Graphic - G-Fill","hd":false},{"ty":"tr","p":{"a":0,"k":[164.5,85.443],"ix":2},"a":{"a":0,"k":[0,0],"ix":1},"s":{"a":0,"k":[100,100],"ix":3},"r":{"a":0,"k":0,"ix":6},"o":{"a":0,"k":100,"ix":7},"sk":{"a":0,"k":0,"ix":4},"sa":{"a":0,"k":0,"ix":5},"nm":"Transform"}],"nm":"Group 20","np":2,"cix":2,"ix":16,"mn":"ADBE Vector Group","hd":false},{"ty":"gr","it":[{"ty":"gr","it":[{"ind":0,"ty":"sh","ix":1,"ks":{"a":0,"k":{"i":[[1.923,-1.845],[1.035,0.28],[1.19,-1.391],[2.475,-1.486],[-9.885,6.994],[3.228,1.056],[1.362,0]],"o":[[-0.981,1.437],[-1.027,-0.277],[-1.951,2.138],[0,0],[-3.39,0.175],[-1.299,-0.569],[-2.55,0]],"v":[[-4.03,-2.183],[-7.027,-1.305],[-10.326,-0.467],[-17,5],[17,-2.82],[6.989,-4.154],[2.956,-5]],"c":true},"ix":2},"nm":"Path 2","mn":"ADBE Vector Shape - Group","hd":false},{"ty":"tr","p":{"a":0,"k":[0,0],"ix":2},"a":{"a":0,"k":[0,0],"ix":1},"s":{"a":0,"k":[100,100],"ix":3},"r":{"a":0,"k":0,"ix":6},"o":{"a":0,"k":100,"ix":7},"sk":{"a":0,"k":0,"ix":4},"sa":{"a":0,"k":0,"ix":5},"nm":"Transform"}],"nm":"Group 1","np":1,"cix":2,"ix":1,"mn":"ADBE Vector Group","hd":false},{"ty":"gf","o":{"a":0,"k":100,"ix":10},"r":1,"g":{"p":3,"k":{"a":0,"k":[0,0.918,0.788,0.659,0.5,0.902,0.714,0.633,1,0.886,0.639,0.608],"ix":9}},"s":{"a":0,"k":[0,0],"ix":5},"e":{"a":0,"k":[100,0],"ix":6},"t":1,"nm":"Gradient Fill 1","mn":"ADBE Vector Graphic - G-Fill","hd":false},{"ty":"tr","p":{"a":0,"k":[219,91],"ix":2},"a":{"a":0,"k":[0,0],"ix":1},"s":{"a":0,"k":[100,100],"ix":3},"r":{"a":0,"k":0,"ix":6},"o":{"a":0,"k":100,"ix":7},"sk":{"a":0,"k":0,"ix":4},"sa":{"a":0,"k":0,"ix":5},"nm":"Transform"}],"nm":"Group 22","np":2,"cix":2,"ix":17,"mn":"ADBE Vector Group","hd":false},{"ty":"gr","it":[{"ty":"gr","it":[{"ind":0,"ty":"sh","ix":1,"ks":{"a":0,"k":{"i":[[0.715,-0.234],[0.819,-1.749],[1.416,0.034],[1.188,-1.033],[3.125,0.159],[-39.144,15.314],[6.271,0.822],[2.196,-0.371],[2.6,1.331],[1.16,0]],"o":[[-1.838,0.604],[-0.579,1.221],[-1.342,-0.03],[-2.781,1.43],[0,0],[-6.148,1.483],[-3.31,-0.818],[-2.499,0.422],[-1.038,-0.564],[-0.737,0]],"v":[[-9.553,-7.514],[-13.716,-3.826],[-16.967,-2.672],[-20.982,-1.701],[-30,0.239],[30,-7.451],[11.211,-6.451],[3.23,-6.526],[-4.009,-7.013],[-7.361,-7.864]],"c":true},"ix":2},"nm":"Path 2","mn":"ADBE Vector Shape - Group","hd":false},{"ty":"tr","p":{"a":0,"k":[0,0],"ix":2},"a":{"a":0,"k":[0,0],"ix":1},"s":{"a":0,"k":[100,100],"ix":3},"r":{"a":0,"k":0,"ix":6},"o":{"a":0,"k":100,"ix":7},"sk":{"a":0,"k":0,"ix":4},"sa":{"a":0,"k":0,"ix":5},"nm":"Transform"}],"nm":"Group 1","np":1,"cix":2,"ix":1,"mn":"ADBE Vector Group","hd":false},{"ty":"gf","o":{"a":0,"k":100,"ix":10},"r":1,"g":{"p":3,"k":{"a":0,"k":[0,0.918,0.788,0.659,0.5,0.902,0.714,0.633,1,0.886,0.639,0.608],"ix":9}},"s":{"a":0,"k":[0,0],"ix":5},"e":{"a":0,"k":[100,0],"ix":6},"t":1,"nm":"Gradient Fill 1","mn":"ADBE Vector Graphic - G-Fill","hd":false},{"ty":"tr","p":{"a":0,"k":[181,123.864],"ix":2},"a":{"a":0,"k":[0,0],"ix":1},"s":{"a":0,"k":[100,100],"ix":3},"r":{"a":0,"k":0,"ix":6},"o":{"a":0,"k":100,"ix":7},"sk":{"a":0,"k":0,"ix":4},"sa":{"a":0,"k":0,"ix":5},"nm":"Transform"}],"nm":"Group 23","np":2,"cix":2,"ix":18,"mn":"ADBE Vector Group","hd":false},{"ty":"gr","it":[{"ty":"gr","it":[{"ind":0,"ty":"sh","ix":1,"ks":{"a":0,"k":{"i":[[2.841,-3.906],[2.53,0.05],[2.286,-1.523],[5.596,0.246],[-72.377,22.834],[11.149,1.228],[3.973,-0.54],[4.401,1.973],[2.026,0]],"o":[[-1.192,1.808],[-2.394,-0.049],[-5.192,2.143],[0,0],[-11.013,2.16],[-5.875,-1.228],[-4.511,0.613],[-1.942,-0.891],[-4.535,-0.001]],"v":[[-24.335,-5.768],[-30.295,-4.059],[-37.631,-2.633],[-54,0.245],[54,-11.012],[20.572,-9.605],[6.224,-9.753],[-6.523,-10.501],[-12.54,-11.82]],"c":true},"ix":2},"nm":"Path 2","mn":"ADBE Vector Shape - Group","hd":false},{"ty":"tr","p":{"a":0,"k":[0,0],"ix":2},"a":{"a":0,"k":[0,0],"ix":1},"s":{"a":0,"k":[100,100],"ix":3},"r":{"a":0,"k":0,"ix":6},"o":{"a":0,"k":100,"ix":7},"sk":{"a":0,"k":0,"ix":4},"sa":{"a":0,"k":0,"ix":5},"nm":"Transform"}],"nm":"Group 1","np":1,"cix":2,"ix":1,"mn":"ADBE Vector Group","hd":false},{"ty":"gf","o":{"a":0,"k":100,"ix":10},"r":1,"g":{"p":3,"k":{"a":0,"k":[0,0.918,0.788,0.659,0.5,0.902,0.714,0.633,1,0.886,0.639,0.608],"ix":9}},"s":{"a":0,"k":[0,0],"ix":5},"e":{"a":0,"k":[100,0],"ix":6},"t":1,"nm":"Gradient Fill 1","mn":"ADBE Vector Graphic - G-Fill","hd":false},{"ty":"tr","p":{"a":0,"k":[194,147.82],"ix":2},"a":{"a":0,"k":[0,0],"ix":1},"s":{"a":0,"k":[100,100],"ix":3},"r":{"a":0,"k":0,"ix":6},"o":{"a":0,"k":100,"ix":7},"sk":{"a":0,"k":0,"ix":4},"sa":{"a":0,"k":0,"ix":5},"nm":"Transform"}],"nm":"Group 24","np":2,"cix":2,"ix":19,"mn":"ADBE Vector Group","hd":false},{"ty":"gr","it":[{"ind":0,"ty":"sh","ix":1,"ks":{"a":0,"k":{"i":[[2.085,-1.803],[8.856,-1.28],[-11.308,2.681],[0.83,2.55]],"o":[[-7.367,5.329],[11.514,-1.42],[-0.746,-2.463],[-2.651,0.58]],"v":[[156.924,-53.37],[132.243,-43.326],[166.5,-49.481],[164.136,-57]],"c":true},"ix":2},"nm":"Path 2","mn":"ADBE Vector Shape - Group","hd":false},{"ty":"gf","o":{"a":0,"k":100,"ix":10},"r":1,"g":{"p":3,"k":{"a":0,"k":[0,0.918,0.788,0.659,0.5,0.902,0.714,0.633,1,0.886,0.639,0.608],"ix":9}},"s":{"a":0,"k":[0,0],"ix":5},"e":{"a":0,"k":[100,0],"ix":6},"t":1,"nm":"Gradient Fill 1","mn":"ADBE Vector Graphic - G-Fill","hd":false},{"ty":"tr","p":{"a":0,"k":[178.5,176],"ix":2},"a":{"a":0,"k":[0,0],"ix":1},"s":{"a":0,"k":[100,100],"ix":3},"r":{"a":0,"k":0,"ix":6},"o":{"a":0,"k":100,"ix":7},"sk":{"a":0,"k":0,"ix":4},"sa":{"a":0,"k":0,"ix":5},"nm":"Transform"}],"nm":"Group 25","np":2,"cix":2,"ix":20,"mn":"ADBE Vector Group","hd":false},{"ty":"gr","it":[{"ind":0,"ty":"sh","ix":1,"ks":{"a":0,"k":{"i":[[0.857,-1.252],[23.877,-8.33],[-33.427,13.67],[2.262,3.942]],"o":[[-5.718,8.648],[0,0],[-1.885,-4.07],[-1.184,0.94]],"v":[[147.138,-83.694],[97.5,-54],[156.5,-75.046],[150.217,-87]],"c":true},"ix":2},"nm":"Path 2","mn":"ADBE Vector Shape - Group","hd":false},{"ty":"gf","o":{"a":0,"k":100,"ix":10},"r":1,"g":{"p":3,"k":{"a":0,"k":[0,0.918,0.788,0.659,0.5,0.902,0.714,0.633,1,0.886,0.639,0.608],"ix":9}},"s":{"a":0,"k":[0,0],"ix":5},"e":{"a":0,"k":[100,0],"ix":6},"t":1,"nm":"Gradient Fill 1","mn":"ADBE Vector Graphic - G-Fill","hd":false},{"ty":"tr","p":{"a":0,"k":[178.5,176],"ix":2},"a":{"a":0,"k":[0,0],"ix":1},"s":{"a":0,"k":[100,100],"ix":3},"r":{"a":0,"k":0,"ix":6},"o":{"a":0,"k":100,"ix":7},"sk":{"a":0,"k":0,"ix":4},"sa":{"a":0,"k":0,"ix":5},"nm":"Transform"}],"nm":"Group 26","np":2,"cix":2,"ix":21,"mn":"ADBE Vector Group","hd":false},{"ty":"gr","it":[{"ty":"gr","it":[{"ind":0,"ty":"sh","ix":1,"ks":{"a":0,"k":{"i":[[0,0],[0,-6.16],[0,0],[0,0],[-0.005,16.145],[20.539,29.409]],"o":[[-6.176,0],[0,0],[0,0],[4.411,-15.533],[0.096,-35.842],[0,0]],"v":[[-93.865,-73.999],[-105.047,-62.846],[-105.047,73.999],[98.294,73.999],[104.952,26.255],[73.544,-73.999]],"c":true},"ix":2},"nm":"Path 2","mn":"ADBE Vector Shape - Group","hd":false},{"ty":"tr","p":{"a":0,"k":[0,0],"ix":2},"a":{"a":0,"k":[0,0],"ix":1},"s":{"a":0,"k":[100,100],"ix":3},"r":{"a":0,"k":0,"ix":6},"o":{"a":0,"k":100,"ix":7},"sk":{"a":0,"k":0,"ix":4},"sa":{"a":0,"k":0,"ix":5},"nm":"Transform"}],"nm":"Group 1","np":1,"cix":2,"ix":1,"mn":"ADBE Vector Group","hd":false},{"ty":"gf","o":{"a":0,"k":100,"ix":10},"r":1,"g":{"p":3,"k":{"a":0,"k":[0,0.91,0.753,0.647,0.5,0.898,0.696,0.627,1,0.886,0.639,0.608],"ix":9}},"s":{"a":0,"k":[0,0],"ix":5},"e":{"a":0,"k":[100,0],"ix":6},"t":1,"nm":"Gradient Fill 1","mn":"ADBE Vector Graphic - G-Fill","hd":false},{"ty":"tr","p":{"a":0,"k":[247.047,148.999],"ix":2},"a":{"a":0,"k":[0,0],"ix":1},"s":{"a":0,"k":[100,100],"ix":3},"r":{"a":0,"k":0,"ix":6},"o":{"a":0,"k":100,"ix":7},"sk":{"a":0,"k":0,"ix":4},"sa":{"a":0,"k":0,"ix":5},"nm":"Transform"}],"nm":"Group 27","np":2,"cix":2,"ix":22,"mn":"ADBE Vector Group","hd":false},{"ty":"gr","it":[{"ty":"rc","d":1,"s":{"a":0,"k":[35,7],"ix":2},"p":{"a":0,"k":[0,0],"ix":3},"r":{"a":0,"k":3,"ix":4},"nm":"Rectangle Path 1","mn":"ADBE Vector Shape - Rect","hd":false},{"ty":"st","c":{"a":0,"k":[0.007842999814,0.109803996367,0.007842999814,1],"ix":3},"o":{"a":0,"k":100,"ix":4},"w":{"a":0,"k":0,"ix":5},"lc":1,"lj":1,"ml":4,"nm":"Stroke 1","mn":"ADBE Vector Graphic - Stroke","hd":false},{"ty":"fl","c":{"a":0,"k":[1,1,1,1],"ix":4},"o":{"a":0,"k":100,"ix":5},"r":1,"nm":"Fill 1","mn":"ADBE Vector Graphic - Fill","hd":false},{"ty":"tr","p":{"a":0,"k":[43.858,110.679],"ix":2},"a":{"a":0,"k":[0,0],"ix":1},"s":{"a":0,"k":[108.813,64.596],"ix":3},"r":{"a":0,"k":-28.744,"ix":6},"o":{"a":0,"k":100,"ix":7},"sk":{"a":0,"k":0,"ix":4},"sa":{"a":0,"k":0,"ix":5},"nm":"Transform"}],"nm":"Rectangle 2","np":3,"cix":2,"ix":23,"mn":"ADBE Vector Group","hd":false}],"ip":0,"op":115,"st":0,"bm":0}],"markers":[]}